pc,admissibility,pc_type,tags,short_label,long_label,pos_summary,neg_summary,notes
PC1,inadmissible,structural,"structural_language,structural_masking,structural_multilingual,admissibility_inadmissible",English AI vocab vs masked/non-English,English AI governance vocabulary contrasted with masked tokens and non-English language artifacts.,English AI governance and public-sector framing.,Masked/unmasked tokens and non-English fragments.,"POS evidence: ai, data, digital, intelligence, development, artificial, public, research, artificial intelligence, use, systems, national | NEG evidence: unmasked unmasked, masked medium, masks masked, институциите, учебни програми, работят, учебен процес, постижения, контекста, по изкуства, съвременните, постигане на"
PC2,mixed,mixed,"substantive_ai_governance,structural_us_statute,admissibility_mixed",AI governance vs US defense code,AI governance discourse contrasted with US defense statutory drafting form.,"AI systems, ethics, governance, generative AI.",US code and defense statute scaffolding.,"POS evidence: ai, data, artificial, artificial intelligence, intelligence, ai systems, digital, systems, use, learning, human, models | NEG evidence: section, defense, 22, sec, secretary, 10, shall, subsection, 120721, 10 22, united states, united"
PC3,inadmissible,structural,"structural_language,language_spanish,admissibility_inadmissible",Spanish language axis,Spanish-language surface form dominates variance.,Spanish policy language.,English AI and statutory vocabulary.,"POS evidence: la, el, en, del, que, las, los, digital, para, se, digitales, en el | NEG evidence: ai, section, systems, defense, sec, ai systems, data, secretary, subsection, united states, united, research"
PC4,admissible,admissible,"privacy_data_protection,rights,legal_governance,admissibility_admissible",Data protection governance,Personal data protection and privacy governance contrasted with AI research and systems framing.,"Controller, consent, data subject, privacy architecture.","AI systems, research, generative AI framing.","POS evidence: data, personal, personal data, processing, protection, data protection, information, public, digital, controller, sharing, access | NEG evidence: ai, ai systems, intelligence, artificial, artificial intelligence, 22, research, systems, use ai, generative, generative ai, 10"
PC5,inadmissible,structural,"structural_language,language_bulgarian,admissibility_inadmissible",Bulgarian language axis,Bulgarian-language surface form dominates variance.,Bulgarian education and digital transformation language.,English statutory and cross-lingual boilerplate.,"POS evidence: на, за, да, се, от, по, обучение, да се, които, са, като, образованието | NEG evidence: ai, data, section, sec, subsection, la, defense, inserting, shall, title, secretary, striking"
PC6,inadmissible,structural,"structural_ids_dates,structural_boilerplate,privacy_data_protection,admissibility_inadmissible",IDs and boilerplate residue,Document identifiers and boilerplate dominate variance.,"IDs, dates, headers with privacy terms.",Clean strategy-oriented development language.,"POS evidence: ai, data, personal data, personal, 22, ai systems, 120721, 10 22, la, systems, processing, 10 | NEG evidence: digital, national, development, transformation, education, research, innovation, digital transformation, government, skills, public, economy"
PC7,inadmissible,structural,"structural_ids_dates,structural_headers,admissibility_inadmissible",Document IDs and dates,Identifiers and date fragments dominate variance.,Document IDs and dates.,Congressional drafting markup.,"POS evidence: 22, 120721, 10 22, 10, digital, 24, 2021, al 11, 000000, 000000 po, 6652, 6652 6201 | NEG evidence: section, sec, ai, inserting, subsection, title, defense, striking, united states, contained, provision, united"
PC8,inadmissible,structural,"structural_language,language_german,admissibility_inadmissible",German stopword axis,German-language stopwords dominate variance.,German stopwords.,Data sharing and privacy language.,"POS evidence: die, und, der, des, fur, von, zu, den, das, im, mit, werden | NEG evidence: data, sharing, personal data, 22, data sharing, personal, use, 120721, 10 22, model, privacy, section"
PC9,admissible,admissible,"ai_ethics,research_framing,digital_transformation,admissibility_admissible",Ethics vs digital delivery,AI ethics and research framing contrasted with digital transformation and service delivery.,"Ethics, research, reports, national AI framing.","Digital transformation, services, skills.","POS evidence: artificial, intelligence, artificial intelligence, https, www, https www, org, 2019, pdf, research, gov, personal data | NEG evidence: digital, ai, transformation, skills, services, digital transformation, service, public, digital skills, training, economy, government"
PC10,inadmissible,structural,"structural_legislative,structural_markup,admissibility_inadmissible",Legislative mechanics,Statutory drafting mechanics dominate variance.,"Insert, strike, amend, redesignate.",Conference report scaffolding.,"POS evidence: section, inserting, striking, subsection, amended, paragraph, title, redesignated, digital, amended striking, chapter, transferred | NEG evidence: sec, defense, contained, provision, senate, house, provision sec, amendment, department, senate amendment, amendment contained, house contained"
PC11,inadmissible,structural,"structural_legislative,structural_corrupted_tokens,admissibility_inadmissible",Statutory scaffold and corrupted tokens,Statutory scaffolding and corrupted tokenization dominate variance.,Drafting scaffolding with AI terms embedded.,Corrupted regulation fragments.,"POS evidence: data, inserting, section, striking, subsection, amended, title, learning, redesignated, artificial, intelligence, artificial intelligence | NEG evidence: ar, shall, ticle, ar ticle, regulation, ser, eu, european, commission, author, inf, ser vices"
PC12,admissible,admissible,"uk_policy,online_targeting,algorithmic_bias,admissibility_admissible",UK targeting and bias oversight,UK oversight of online targeting and algorithmic bias.,"Gov.uk publications, targeting, bias review.",Implementation and processing language.,"POS evidence: https, uk, www, https www, gov, gov uk, government, org, pdf, www gov, uk government, online | NEG evidence: artificial, intelligence, artificial intelligence, digital, personal data, personal, development, machine, transformation, digital transformation, systems, translated"
PC13,admissible,admissible,"human_rights,automated_decision_making,algorithmic_bias,admissibility_admissible",Rights and ADM vs R&D,Human rights and ADM governance contrasted with research and innovation framing.,"Rights, decision-making, bias.",Research funding and innovation.,"POS evidence: digital, https, digital transformation, transformation, government, www, rights, https www, service, gov, decision, public | NEG evidence: research, 000, data, science, innovation, development, scientific, projects, european, funding, support, project"
PC14,admissible,admissible,"eu_policy,governance_architecture,liability_risk,admissibility_admissible",Strategy vs liability,Governance architecture contrasted with liability and risk framing.,"Strategy, data sharing, public sector.","Liability, risk, automated harm.","POS evidence: data, digital, ai, european, eu, strategy, sec, ar, ticle, ar ticle, national, defense | NEG evidence: learning, systems, decision, machine, human, information, machine learning, 000, article, law, decision making, quality"
PC15,admissible,admissible,"skills_training,applied_programs,admissibility_admissible",Skills and applied programs,Skills and training programs contrasted with research and strategy framing.,"Training, skills, applied models.",Research and governance framing.,"POS evidence: 000, digital, 000 000, learning, https, ai, digital transformation, transformation, systems, machine learning, sec, machine | NEG evidence: research, innovation, shall, government, public, sector, secretary, committee, science, scientific, la, uk"
PC16,admissible,admissible,"privacy_data_protection,human_rights,legal_framework,admissibility_admissible",Legal privacy vs ML quality,Legal privacy and rights governance contrasted with ML and quality management.,"Rights, privacy, legal authority.",ML models and quality management.,"POS evidence: 000, personal data, personal, protection, article, law, ai, rights, data protection, public, 000 000, research | NEG evidence: learning, machine learning, quality, models, machine, model, ar, ticle, ar ticle, systems, ser, data"
PC17,admissible,admissible,"public_sector,automated_decision_making,regulatory_oversight,admissibility_admissible",Public-sector ADM oversight,Public-sector automated decision-making oversight.,Public sector decision-making and bias review.,Research and education artifacts.,"POS evidence: 000, government, uk, intelligence, artificial, artificial intelligence, public, sector, decision, shall, public sector, gov uk | NEG evidence: https, learning, personal data, personal, education, research, machine, machine learning, science, eu, ai, article"
PC18,mixed,mixed,"defense_science_programs,cyber_security,structural_institutional,admissibility_mixed",Defense science programs,Defense and science program governance contrasted with market and EU framing.,"Defense, committees, science programs.",Market and liability framing.,"POS evidence: shall, secretary, defense, national, digital, science, committee, security, ai, https, research, department | NEG evidence: contained, provision, sec, european, amendment, eu, provision sec, senate amendment, amendment contained, house contained, contained provision, senate"
PC19,admissible,admissible,"education,skills_training,privacy_data_protection,admissibility_admissible",Education capacity and data rights,Education capacity-building combined with data protection.,"Schools, students, teachers, data protection.",Infrastructure and administrative framing.,"POS evidence: education, personal, personal data, skills, uk, people, science, online, students, training, school, educational | NEG evidence: eu, european, data, public, https, service, models, article, services, open, europa, europa eu"
PC21,mixed,mixed,"eu_safety,cyber_security,structural_markup,admissibility_mixed",EU safety vs markup,EU safety and cyber framing contrasted with conference markup.,Safety and cyber policy.,Conference markup language.,"POS evidence: sec, systems, security, eu, european, 295, subtitle, cyber, states, 295 133, united, safety | NEG evidence: contained, provision, house, senate, amendment, 000, provision sec, senate amendment, public, amendment contained, house contained, contained similar"
PC23,admissible,admissible,"service_delivery,generative_ai,public_administration,admissibility_admissible",Service delivery and deployment,AI deployment and service delivery contrasted with rights-heavy governance.,"Services, applications, deployment.",Rights and regulatory framing.,"POS evidence: sec, ai, public, uk, article, government, generative, personal data, personal, generative ai, service, subtitle | NEG evidence: european, eu, human, research, systems, decision, digital, rights, europe, secretary, decision making, commission"
PC24,admissible,admissible,"education,skills_training,algorithmic_bias,admissibility_admissible",Education and bias oversight,Education and skills governance with algorithmic bias oversight.,"Education, training, bias review.",Cyber and industrial framing.,"POS evidence: sec, education, skills, training, european, eu, data, decision, research, digital skills, decision making, liability | NEG evidence: personal, personal data, security, technology, systems, energy, technologies, global, development, infrastructure, contained, cyber"
PC25,admissible,admissible,"health,health_data,public_services,admissibility_admissible",Health and health data,Healthcare delivery and health data systems.,Healthcare services and patient data.,Economic and industrial framing.,"POS evidence: health, care, research, medical, information, healthcare, services, patient, patients, health care, systems, social | NEG evidence: machine learning, learning, uk, machine, sec, model, models, regulatory, united, companies, innovation, quality"
PC26,admissible,admissible,"liability_harm,damage,legal_framework,admissibility_admissible",Civil liability and damage,Civil liability and damage in automated systems.,Liability and damage.,Governance and rights framing.,"POS evidence: research, liability, digital, del, damage, uk, article, servicio, pcm, nacional, transformacion, transformacion digital | NEG evidence: la, education, training, que, el, generative, https, plan, generative ai, skills, social, brussels"
PC27,admissible,admissible,"foundation_models,generative_ai,model_governance,admissibility_admissible",Foundation model ecosystem,Foundation and generative model ecosystem governance.,Foundation models and projects.,Standards and safety framing.,"POS evidence: models, research, generative, generative ai, personal data, project, personal, model, language, foundation models, foundation, projects | NEG evidence: liability, damage, learning, education, data, machine learning, quality, skills, national, science, 2019, states"
PC28,admissible,admissible,"foundation_models,rights_security_privacy,admissibility_admissible",Foundation model rights and security,"Rights, security, and privacy in foundation model governance.",Rights and security framing.,Sectoral application framing.,"POS evidence: generative, models, generative ai, information, research, security, rights, online, united, foundation, united states, science | NEG evidence: health, quality, personal data, defense, personal, machine learning, uk, machine, learning, care, secretary, ai"
PC29,admissible,admissible,"liability_harm,automated_systems,cyber_security,admissibility_admissible",Automated system liability,Liability and harm in automated systems.,Liability and damage language.,Digital transformation framing.,"POS evidence: liability, damage, la, systems, du, vehicle, research, donnees, ou, le, caractere, traitement | NEG evidence: health, del, servicio, united, care, states, nacional, united states, transformacion, transformacion digital, 2019, quality"
PC30,admissible,admissible,"automated_decision_making,human_rights,algorithmic_bias,admissibility_admissible",ADM and rights,Algorithmic decision-making and human rights protections.,ADM and bias protections.,Platform targeting governance.,"POS evidence: decision, decision making, making, defense, human, digital, 2018, 2019, research, algorithmic, la, automated | NEG evidence: online, generative, generative ai, liability, online targeting, targeting, information, content, damage, del, 000, quality"
PC31,admissible,admissible,"foundation_models,health,liability,admissibility_admissible",Models and health governance,Model-centric governance intersecting with health and liability.,Models and healthcare framing.,Systems and transport framing.,"POS evidence: health, generative, generative ai, models, european, la, care, machine learning, science, du, research, liability | NEG evidence: systems, education, https, ai systems, del, skills, development, www, https www, vehicle, data, vehicles"
PC32,admissible,admissible,"online_targeting,platform_regulation,risk_governance,admissibility_admissible",Platform targeting regulation,Regulation of online targeting and platform risk.,Targeting and regulatory oversight.,Liability and damage regime.,"POS evidence: online, online targeting, targeting, defense, regulatory, uk, regulation, eu, risk, protection, content, regulators | NEG evidence: liability, decision, damage, united, united states, decision making, making, states, human, public, automated, government"
PC33,inadmissible,structural,"structural_language,language_french,admissibility_inadmissible",French legal language axis,French legal surface form dominates variance.,French legal language.,English service discourse.,"POS evidence: du, generative, donnees, generative ai, ou, le, del, traitement, caractere, caractere personnel, des, donnees caractere | NEG evidence: el, que, se, las, research, united, digital transformation, united states, transformation, states, digital, service"
PC34,inadmissible,structural,"structural_artifact_lowprop,defense_appropriations,admissibility_inadmissible",Defense and artifact axis,Defense appropriations and artifact tokens dominate variance.,Defense and fiscal language.,Legal and maritime terms.,"POS evidence: generative, defense, generative ai, liability, ministry, damage, department, national, lowprop, el, technology, fiscal year | NEG evidence: united, states, united states, du, donnees, ou, le, traitement, caractere, caractere personnel, donnees caractere, des"
PC35,admissible,admissible,"public_administration,standards,agency_governance,admissibility_admissible",Agency standards governance,Public administration standards and agency governance.,Agencies and standards.,Targeting and translation noise.,"POS evidence: government, information, models, federal, education, decision, australia, australian, technology, agencies, agency, services | NEG evidence: online, research, scientific, data, people, online targeting, liability, targeting, damage, systems, google, translated"
PC36,admissible,admissible,"aviation_safety,transportation,automation,admissibility_admissible",Aviation and transport safety,Safety governance in aviation and transport automation.,Aviation and vehicle safety.,Defense and cyber framing.,"POS evidence: generative, generative ai, air, science, aircraft, lowprop, shall, administrator, force, safety, sec, vehicle | NEG evidence: defense, states, united, united states, security, damage, liability, law, models, national, online, cyber"
PC37,inadmissible,structural,"structural_language,language_kinyarwanda,admissibility_inadmissible",Kinyarwanda language axis I,Kinyarwanda surface form dominates variance.,Kinyarwanda language.,Governance residue.,"POS evidence: public, amakuru, european, eu, services, service, personal, systems, personal data, force, cyangwa, online | NEG evidence: lowprop, lowprop lowprop, health, digital, data, security, regulatory, governance, zero lowprop, lowprop zero, risk, innovation"
PC38,inadmissible,structural,"structural_language,language_kinyarwanda,admissibility_inadmissible",Kinyarwanda language axis II,Kinyarwanda surface form dominates variance.,Kinyarwanda language.,Lowprop and governance residue.,"POS evidence: amakuru, cyangwa, generative, health, mu, generative ai, bwite, models, amakuru bwite, uk, development, force | NEG evidence: lowprop, science, public, information, online, lowprop lowprop, people, technology, ministry, companies, services, sector"
PC39,inadmissible,structural,"structural_language,language_kinyarwanda,admissibility_inadmissible",Kinyarwanda language axis III,Kinyarwanda surface form dominates variance.,Kinyarwanda language.,Generative and security framing.,"POS evidence: amakuru, cyangwa, mu, bwite, models, amakuru bwite, regulatory, public, australia, umugenzuzi, umugenzuzi amakuru, ku | NEG evidence: generative, generative ai, ministry, uk, security, decision, states, european, gov uk, decision making, systems, bias"
PC40,mixed,mixed,"foundation_models,defense_space,structural_language,admissibility_mixed",Foundation models vs language axis,Foundation model and defense/space governance contrasted with language artifacts.,Foundation and defense models.,Language artifacts.,"POS evidence: models, force, foundation models, air, foundation, air force, model, aircraft, space, regulatory, education, training | NEG evidence: amakuru, generative, cyangwa, generative ai, mu, bwite, project, amakuru bwite, umugenzuzi amakuru, umugenzuzi, ku, digital"
